keyword;word_count;type;length
junior python developer;3;original;23
junior python developer;3;suggestion;23
junior python developer jobs;4;suggestion;28
junior python developer remote;4;suggestion;30
junior python developer salary;4;suggestion;30
junior python developer jobs remote;5;suggestion;35
junior python developer praca;4;suggestion;29
junior python developer jobs london;5;suggestion;35
python junior developer interview questions;5;suggestion;43
junior python developer vacature;4;suggestion;32
junior python developer roles and responsibilities;6;suggestion;50
